Roteiro Gramado/Canela + Torres/Porto Alegre,Unnamed: 1
Viagem,IFMT para ENCOMP/CSBC
Saída de Campo Verde,17/07/2026
Chegada em Gramado,19/07/2026
Hospedagem,"Hotel Azaleia, 19/07 a 23/07"
Carro alugado,Retirada em 20/07 às 18h. Uso principal em 21/07 e 22/07.
Ponto crítico,"Torres + Porto Alegre no mesmo dia é possível, mas é pesado: cerca de 7h a 8h de volante somando ida, deslocamentos e volta para Gramado."
Decisão recomendada,"Escolher o dia de Torres/Porto Alegre 48h antes, conforme chuva/vento. Se chover forte, fazer Porto Alegre ou Canela indoor."
Prime Gourmet,Não assinar sem validar no app os parceiros e regras exatamente para Gramado/Canela. Porto Alegre e Litoral Norte podem exigir assinaturas regionais separadas.
Fontes,Links oficiais/consultados estão nas colunas de fonte das abas. Valores são estimativas consultadas em 08/07/2026 e podem mudar.
